<?xml version="1.0" encoding="UTF-8"?>
<GenRun Id="impl_1" LaunchPart="xc7a35tcsg324-1" LaunchTime="1546348359">
  <File Type="PWROPT-DCP" Name="showStatus_pwropt.dcp"/>
  <File Type="ROUTE-PWR" Name="showStatus_power_routed.rpt"/>
  <File Type="PA-TCL" Name="showStatus.tcl"/>
  <File Type="ROUTE-PWR-SUM" Name="showStatus_power_summary_routed.pb"/>
  <File Type="REPORTS-TCL" Name="showStatus_reports.tcl"/>
  <File Type="BG-DRC" Name="showStatus.drc"/>
  <File Type="OPT-METHODOLOGY-DRC" Name="showStatus_methodology_drc_opted.rpt"/>
  <File Type="INIT-TIMING" Name="showStatus_timing_summary_init.rpt"/>
  <File Type="OPT-HWDEF" Name="showStatus.hwdef"/>
  <File Type="OPT-DCP" Name="showStatus_opt.dcp"/>
  <File Type="OPT-DRC" Name="showStatus_drc_opted.rpt"/>
  <File Type="OPT-TIMING" Name="showStatus_timing_summary_opted.rpt"/>
  <File Type="PWROPT-DRC" Name="showStatus_drc_pwropted.rpt"/>
  <File Type="PWROPT-TIMING" Name="showStatus_timing_summary_pwropted.rpt"/>
  <File Type="PLACE-DCP" Name="showStatus_placed.dcp"/>
  <File Type="PLACE-IO" Name="showStatus_io_placed.rpt"/>
  <File Type="PLACE-CLK" Name="showStatus_clock_utilization_placed.rpt"/>
  <File Type="PLACE-UTIL" Name="showStatus_utilization_placed.rpt"/>
  <File Type="PLACE-UTIL-PB" Name="showStatus_utilization_placed.pb"/>
  <File Type="PLACE-CTRL" Name="showStatus_control_sets_placed.rpt"/>
  <File Type="PLACE-SIMILARITY" Name="showStatus_incremental_reuse_placed.rpt"/>
  <File Type="PLACE-PRE-SIMILARITY" Name="showStatus_incremental_reuse_pre_placed.rpt"/>
  <File Type="PLACE-TIMING" Name="showStatus_timing_summary_placed.rpt"/>
  <File Type="POSTPLACE-PWROPT-DCP" Name="showStatus_postplace_pwropt.dcp"/>
  <File Type="POSTPLACE-PWROPT-TIMING" Name="showStatus_timing_summary_postplace_pwropted.rpt"/>
  <File Type="PHYSOPT-DCP" Name="showStatus_physopt.dcp"/>
  <File Type="PHYSOPT-DRC" Name="showStatus_drc_physopted.rpt"/>
  <File Type="BG-BIT" Name="showStatus.bit"/>
  <File Type="PHYSOPT-TIMING" Name="showStatus_timing_summary_physopted.rpt"/>
  <File Type="ROUTE-ERROR-DCP" Name="showStatus_routed_error.dcp"/>
  <File Type="ROUTE-DCP" Name="showStatus_routed.dcp"/>
  <File Type="ROUTE-BLACKBOX-DCP" Name="showStatus_routed_bb.dcp"/>
  <File Type="ROUTE-DRC" Name="showStatus_drc_routed.rpt"/>
  <File Type="ROUTE-DRC-PB" Name="showStatus_drc_routed.pb"/>
  <File Type="BITSTR-MSK" Name="showStatus.msk"/>
  <File Type="ROUTE-DRC-RPX" Name="showStatus_drc_routed.rpx"/>
  <File Type="BG-BGN" Name="showStatus.bgn"/>
  <File Type="ROUTE-METHODOLOGY-DRC" Name="showStatus_methodology_drc_routed.rpt"/>
  <File Type="BITSTR-RBT" Name="showStatus.rbt"/>
  <File Type="ROUTE-METHODOLOGY-DRC-RPX" Name="showStatus_methodology_drc_routed.rpx"/>
  <File Type="BG-BIN" Name="showStatus.bin"/>
  <File Type="ROUTE-METHODOLOGY-DRC-PB" Name="showStatus_methodology_drc_routed.pb"/>
  <File Type="ROUTE-PWR-RPX" Name="showStatus_power_routed.rpx"/>
  <File Type="ROUTE-STATUS" Name="showStatus_route_status.rpt"/>
  <File Type="ROUTE-STATUS-PB" Name="showStatus_route_status.pb"/>
  <File Type="ROUTE-TIMINGSUMMARY" Name="showStatus_timing_summary_routed.rpt"/>
  <File Type="ROUTE-TIMING-PB" Name="showStatus_timing_summary_routed.pb"/>
  <File Type="ROUTE-TIMING-RPX" Name="showStatus_timing_summary_routed.rpx"/>
  <File Type="ROUTE-SIMILARITY" Name="showStatus_incremental_reuse_routed.rpt"/>
  <File Type="RDI-RDI" Name="showStatus.vdi"/>
  <File Type="ROUTE-CLK" Name="showStatus_clock_utilization_routed.rpt"/>
  <File Type="POSTROUTE-PHYSOPT-DCP" Name="showStatus_postroute_physopt.dcp"/>
  <File Type="POSTROUTE-PHYSOPT-BLACKBOX-DCP" Name="showStatus_postroute_physopt_bb.dcp"/>
  <File Type="POSTROUTE-PHYSOPT-TIMING" Name="showStatus_timing_summary_postroute_physopted.rpt"/>
  <File Type="POSTROUTE-PHYSOPT-TIMING-PB" Name="showStatus_timing_summary_postroute_physopted.pb"/>
  <File Type="POSTROUTE-PHYSOPT-TIMING-RPX" Name="showStatus_timing_summary_postroute_physopted.rpx"/>
  <File Type="BITSTR-NKY" Name="showStatus.nky"/>
  <File Type="BITSTR-BMM" Name="showStatus_bd.bmm"/>
  <File Type="BITSTR-MMI" Name="showStatus.mmi"/>
  <File Type="BITSTR-LTX" Name="debug_nets.ltx"/>
  <File Type="BITSTR-LTX" Name="showStatus.ltx"/>
  <File Type="BITSTR-SYSDEF" Name="showStatus.sysdef"/>
  <File Type="WBT-USG" Name="usage_statistics_webtalk.html"/>
  <FileSet Name="sources" Type="DesignSrcs" RelSrcDir="$PSRCDIR/sources_1">
    <Filter Type="Srcs"/>
    <File Path="$PSRCDIR/sources_1/new/showStatus.v">
      <FileInfo>
        <Attr Name="UsedIn" Val="synthesis"/>
        <Attr Name="UsedIn" Val="implementation"/>
        <Attr Name="UsedIn" Val="simulation"/>
      </FileInfo>
    </File>
    <File Path="$PSRCDIR/sources_1/new/CPU.v">
      <FileInfo>
        <Attr Name="AutoDisabled" Val="1"/>
        <Attr Name="UsedIn" Val="synthesis"/>
        <Attr Name="UsedIn" Val="implementation"/>
        <Attr Name="UsedIn" Val="simulation"/>
      </FileInfo>
    </File>
    <File Path="$PSRCDIR/sources_1/new/inputFloor.v">
      <FileInfo>
        <Attr Name="AutoDisabled" Val="1"/>
        <Attr Name="UsedIn" Val="synthesis"/>
        <Attr Name="UsedIn" Val="implementation"/>
        <Attr Name="UsedIn" Val="simulation"/>
      </FileInfo>
    </File>
    <File Path="$PSRCDIR/sources_1/new/upOrDown.v">
      <FileInfo>
        <Attr Name="AutoDisabled" Val="1"/>
        <Attr Name="UsedIn" Val="synthesis"/>
        <Attr Name="UsedIn" Val="implementation"/>
        <Attr Name="UsedIn" Val="simulation"/>
      </FileInfo>
    </File>
    <File Path="$PSRCDIR/sources_1/new/top.v">
      <FileInfo>
        <Attr Name="AutoDisabled" Val="1"/>
        <Attr Name="UsedIn" Val="synthesis"/>
        <Attr Name="UsedIn" Val="implementation"/>
        <Attr Name="UsedIn" Val="simulation"/>
      </FileInfo>
    </File>
    <File Path="$PSRCDIR/sources_1/new/clkdiv.v">
      <FileInfo>
        <Attr Name="AutoDisabled" Val="1"/>
        <Attr Name="UsedIn" Val="synthesis"/>
        <Attr Name="UsedIn" Val="implementation"/>
        <Attr Name="UsedIn" Val="simulation"/>
      </FileInfo>
    </File>
    <Config>
      <Option Name="DesignMode" Val="RTL"/>
      <Option Name="TopModule" Val="showStatus"/>
    </Config>
  </FileSet>
  <FileSet Name="constrs_in" Type="Constrs" RelSrcDir="$PSRCDIR/constrs_1">
    <Filter Type="Constrs"/>
    <File Path="$PSRCDIR/constrs_1/new/file.xdc">
      <FileInfo>
        <Attr Name="UsedIn" Val="synthesis"/>
        <Attr Name="UsedIn" Val="implementation"/>
      </FileInfo>
    </File>
    <Config>
      <Option Name="TargetConstrsFile" Val="$PSRCDIR/constrs_1/new/file.xdc"/>
      <Option Name="ConstrsType" Val="XDC"/>
    </Config>
  </FileSet>
  <Strategy Version="1" Minor="2">
    <StratHandle Name="Vivado Implementation Defaults" Flow="Vivado Implementation 2018"/>
    <Step Id="init_design"/>
    <Step Id="opt_design"/>
    <Step Id="power_opt_design"/>
    <Step Id="place_design"/>
    <Step Id="post_place_power_opt_design"/>
    <Step Id="phys_opt_design"/>
    <Step Id="route_design"/>
    <Step Id="post_route_phys_opt_design"/>
    <Step Id="write_bitstream"/>
  </Strategy>
</GenRun>
